30012024105009, 14 "Stanley #2 Philips Screwdriver" $6.95 3 0% $20.85 January 30, 2024, 10:50:09 EST
30012024105009, 198 "Box of 10 Sharpie Roller 0.5mm" $6.50 5 10% $29.25 January 30, 2024, 10:50:09 EST
30012024105009, 23 "Tamiya 2oz paint - ferrari red" $2.39 1 0% $2.39 January 30, 2024, 10:50:09 EST
30012024105009, 268 "Sidi Wire 2 carbon shoes - size 48" $499.99 2 0% $999.98 January 30, 2024, 10:50:09 EST
30012024105009, 387 "Brachs butterscotch hard candy - 1 lb" $4.50 1 0% $4.50 January 30, 2024, 10:50:09 EST

30012024131403, 14 "Stanley #2 Philips Screwdriver" $6.95 5 10% $31.27 January 30, 2024, 01:14:03 EST
30012024131403, 387 "Brachs butterscotch hard candy - 1 lb" $4.50 3 0% $13.50 January 30, 2024, 01:14:03 EST
30012024131403, RTX3452 "Laser Pointer" $38.80 1 0% $38.80 January 30, 2024, 01:14:03 EST
30012024131403, 97634 "Campagnolo 12 spd crankset - 53/39 175mm" $750.00 1 0% $750.00 January 30, 2024, 01:14:03 EST
30012024131403, 2190 "Hefty 30 gal with handles - box 40" $19.00 40 20% $608.00 January 30, 2024, 01:14:03 EST

30012024153240, 14 "Stanley #2 Philips Screwdriver" $6.95 4 0% $27.80 January 30, 2024, 03:32:40 EST
30012024153240, 387 "Brachs butterscotch hard candy - 1 lb" $4.50 3 0% $13.50 January 30, 2024, 03:32:40 EST
30012024153240, 4762 "HP copy paper ultra white - ream" $13.50 4 0% $54.00 January 30, 2024, 03:32:40 EST
30012024153240, 4762 "HP copy paper ultra white - ream" $13.50 92 20% $993.60 January 30, 2024, 03:32:40 EST
30012024153240, 1111 "Top Secret Twenty One - Janet Evanovich" $8.99 2 0% $17.98 January 30, 2024, 03:32:40 EST

30012024174754, 14 "Stanley #2 Philips Screwdriver" $6.95 7 10% $43.78 January 30, 2024, 05:47:54 EST
30012024174754, 23 "Tamiya 2oz paint - ferrari red" $2.39 1 0% $2.39 January 30, 2024, 05:47:54 EST
30012024174754, 65435689 "12x16 paper cutter with ruler" $35.95 45 20% $1,294.20 January 30, 2024, 05:47:54 EST
30012024174754, 67913 "Gios Torino t-shirt size XXL" $25.00 1 0% $25.00 January 30, 2024, 05:47:54 EST
30012024174754, 19981 "Pledge furniture polish 13oz" $6.50 2 0% $13.00 January 30, 2024, 05:47:54 EST

30012024203028, 198 "Box of 10 Sharpie Roller 0.5mm" $6.50 56 20% $291.20 January 30, 2024, 08:30:28 EST
30012024203028, 14909 "1/4in - 28tpi SS nuts" $1.00 1000 20% $800.00 January 30, 2024, 08:30:28 EST
30012024203028, 228865X "3M Super 33+ electrical tape box 10" $32.50 1 0% $32.50 January 30, 2024, 08:30:28 EST
30012024203028, 4499120 "M&Ms dark chocolate w/peanuts - 3oz" $2.50 4 0% $10.00 January 30, 2024, 08:30:28 EST
30012024203028, 298765 "3x5 index cards - 100 count" $2.25 46 20% $82.80 January 30, 2024, 08:30:28 EST

30012024205557, 14 "Stanley #2 Philips Screwdriver" $6.95 3 0% $20.85 January 30, 2024, 08:55:57 EST
30012024232852, 14 "Stanley #2 Philips Screwdriver" $6.95 1 0% $6.95 January 30, 2024, 11:28:52 EST
